Date,SPX,VIX,logVIX,logVIXprev,y,y_u,y_d,y_sqr,sig,sig_sqr,log_sig
2/1/2016,1939.38,19.98,2.994731773,3.005682604,-0.000443342,0,-0.000443342,1.97E-07,0.235632905,0.055522866,-1.445480172
2/2/2016,1903.03,21.98,3.090132949,2.994731773,-0.018920982,0,-0.018920982,0.000358004,0.238463416,0.056864801,-1.433539372
2/3/2016,1912.53,21.65,3.075005454,3.090132949,0.00497962,0.00497962,0,2.48E-05,0.239488671,0.057354823,-1.429249166
2/4/2016,1915.45,21.84,3.083743151,3.075005454,0.001525609,0.001525609,0,2.33E-06,0.23657174,0.055966188,-1.441503777
2/5/2016,1880.05,23.38,3.151880956,3.083743151,-0.01865421,0,-0.01865421,0.00034798,0.230657821,0.05320303,-1.466819961
2/8/2016,1853.44,26,3.258096538,3.151880956,-0.014255,0,-0.014255,0.000203205,0.232741781,0.054168737,-1.457825676
2/9/2016,1852.21,26.54,3.278653029,3.258096538,-0.000663851,0,-0.000663851,4.41E-07,0.232573227,0.054090306,-1.458550149
2/10/2016,1851.86,26.29,3.269188639,3.278653029,-0.000188981,0,-0.000188981,3.57E-08,0.22988641,0.052847762,-1.470169962
2/11/2016,1829.08,28.14,3.337192052,3.269188639,-0.012377431,0,-0.012377431,0.000153201,0.216969274,0.047075666,-1.52799953
2/12/2016,1864.78,25.4,3.234749174,3.337192052,0.019329975,0.019329975,0,0.000373648,0.220252021,0.048510953,-1.512982838
2/16/2016,1895.58,24.11,3.182626692,3.234749174,0.016381777,0.016381777,0,0.000268363,0.215187269,0.046305561,-1.536246611
2/17/2016,1926.82,22.31,3.105035008,3.182626692,0.016346115,0.016346115,0,0.000267195,0.222509298,0.049510388,-1.502786389
2/18/2016,1917.83,21.64,3.074543454,3.105035008,-0.004676637,0,-0.004676637,2.19E-05,0.218420449,0.047707492,-1.521333409
2/19/2016,1917.78,20.53,3.021887231,3.074543454,-2.61E-05,0,-2.61E-05,6.80E-10,0.218053532,0.047547343,-1.523014687
2/22/2016,1945.5,19.38,2.964241606,3.021887231,0.014350746,0.014350746,0,0.000205944,0.212378705,0.045104714,-1.549384254
2/23/2016,1921.27,20.98,3.043569603,2.964241606,-0.012532588,0,-0.012532588,0.000157066,0.209285124,0.043800263,-1.564057727
2/24/2016,1929.8,20.72,3.031099417,3.043569603,0.004429945,0.004429945,0,1.96E-05,0.204155785,0.041679584,-1.588871925
2/25/2016,1951.7,19.11,2.950211758,3.031099417,0.011284417,0.011284417,0,0.000127338,0.202624934,0.041056864,-1.596398625
2/26/2016,1948.05,19.81,2.986186861,2.950211758,-0.001871915,0,-0.001871915,3.50E-06,0.202522286,0.041015276,-1.596905344
2/29/2016,1932.23,20.55,3.022860941,2.986186861,-0.008154096,0,-0.008154096,6.65E-05,0.185712583,0.034489164,-1.683555053
3/1/2016,1978.35,17.7,2.87356464,3.022860941,0.023588388,0.023588388,0,0.000556412,0.203998054,0.041615206,-1.589644824
3/2/2016,1986.45,17.09,2.838493497,2.87356464,0.004085962,0.004085962,0,1.67E-05,0.190079655,0.036130275,-1.660312058
3/3/2016,1993.4,16.7,2.815408719,2.838493497,0.003492597,0.003492597,0,1.22E-05,0.189858705,0.036046328,-1.661475141
3/4/2016,1999.99,16.86,2.824943953,2.815408719,0.003300457,0.003300457,0,1.09E-05,0.189895641,0.036060354,-1.661280616
3/7/2016,2001.76,17.35,2.853592506,2.824943953,0.000884613,0.000884613,0,7.83E-07,0.173444548,0.030083011,-1.751897339
3/8/2016,1979.26,18.67,2.926917958,2.853592506,-0.011303756,0,-0.011303756,0.000127775,0.169797694,0.028831257,-1.773147586
3/9/2016,1989.26,18.34,2.909084467,2.926917958,0.005039673,0.005039673,0,2.54E-05,0.169244958,0.028643856,-1.776408158
3/10/2016,1989.57,18.05,2.893145685,2.909084467,0.000155825,0.000155825,0,2.43E-08,0.169147806,0.02861098,-1.776982355
3/11/2016,2022.19,16.5,2.803360381,2.893145685,0.016262548,0.016262548,0,0.00026447,0.163762567,0.026818178,-1.809337662
3/14/2016,2019.64,16.92,2.828496354,2.803360381,-0.001261805,0,-0.001261805,1.59E-06,0.156024103,0.024343521,-1.857744777
3/15/2016,2015.93,16.84,2.823757009,2.828496354,-0.00183865,0,-0.00183865,3.38E-06,0.150122416,0.02253674,-1.896304211
3/16/2016,2027.22,14.99,2.707383312,2.823757009,0.005584769,0.005584769,0,3.12E-05,0.142156045,0.020208341,-1.950829916
3/17/2016,2040.59,14.44,2.670002133,2.707383312,0.006573585,0.006573585,0,4.32E-05,0.140176802,0.019649536,-1.964850782
3/18/2016,2049.58,14.02,2.640484882,2.670002133,0.004395912,0.004395912,0,1.93E-05,0.139746087,0.019528969,-1.967928167
3/21/2016,2051.6,13.79,2.623943692,2.640484882,0.000985082,0.000985082,0,9.70E-07,0.133679338,0.017870165,-2.012311347
3/22/2016,2049.8,14.17,2.651127054,2.623943692,-0.000877749,0,-0.000877749,7.70E-07,0.122009348,0.014886281,-2.103657614
3/23/2016,2036.71,14.94,2.70404218,2.651127054,-0.006406467,0,-0.006406467,4.10E-05,0.126582726,0.016023187,-2.066859224
3/24/2016,2035.94,14.74,2.690564887,2.70404218,-0.000378132,0,-0.000378132,1.43E-07,0.122800716,0.015080016,-2.097192433
3/28/2016,2037.05,15.24,2.72392355,2.690564887,0.000545054,0.000545054,0,2.97E-07,0.122057961,0.014898146,-2.103259257
3/29/2016,2055.01,13.82,2.626116818,2.72392355,0.008778031,0.008778031,0,7.71E-05,0.117664287,0.013844885,-2.139919735
3/30/2016,2063.95,13.56,2.607124283,2.626116818,0.004340908,0.004340908,0,1.88E-05,0.089677431,0.008042042,-2.411536147
3/31/2016,2059.74,13.95,2.635479508,2.607124283,-0.002041861,0,-0.002041861,4.17E-06,0.090527743,0.008195272,-2.402098923
4/1/2016,2072.78,13.1,2.57261223,2.635479508,0.00631094,0.00631094,0,3.98E-05,0.09176618,0.008421032,-2.388511459
4/4/2016,2066.13,14.12,2.647592232,2.57261223,-0.003213409,0,-0.003213409,1.03E-05,0.093395581,0.008722735,-2.370911248
4/5/2016,2045.17,15.42,2.735665368,2.647592232,-0.010196377,0,-0.010196377,0.000103966,0.102410993,0.010488011,-2.278761219
4/6/2016,2066.66,14.09,2.645465326,2.735665368,0.010452862,0.010452862,0,0.000109262,0.096485682,0.009309487,-2.338360655
4/7/2016,2041.91,16.16,2.782539053,2.645465326,-0.012048133,0,-0.012048133,0.000145158,0.108090496,0.011683555,-2.224786477
4/8/2016,2047.6,15.36,2.731766728,2.782539053,0.002782731,0.002782731,0,7.74E-06,0.108121906,0.011690346,-2.224495929
4/11/2016,2041.99,16.26,2.788708104,2.731766728,-0.002743553,0,-0.002743553,7.53E-06,0.09363568,0.008767641,-2.368343772
4/12/2016,2061.72,14.85,2.697999865,2.788708104,0.009615763,0.009615763,0,9.25E-05,0.098761501,0.009753834,-2.315047416
4/13/2016,2082.42,13.84,2.62756295,2.697999865,0.009990093,0.009990093,0,9.98E-05,0.103035801,0.010616376,-2.272678769
4/14/2016,2082.78,13.72,2.618854622,2.62756295,0.000172861,0.000172861,0,2.99E-08,0.102061744,0.0104166,-2.282177316
4/15/2016,2080.73,13.62,2.611539301,2.618854622,-0.000984746,0,-0.000984746,9.70E-07,0.100446495,0.010089498,-2.298130081
4/18/2016,2094.34,13.35,2.591516385,2.611539301,0.006519674,0.006519674,0,4.25E-05,0.101681389,0.010339105,-2.285910992
4/19/2016,2100.8,13.24,2.583242551,2.591516385,0.003079757,0.003079757,0,9.48E-06,0.101926962,0.010389106,-2.283498781
4/20/2016,2102.4,13.28,2.586259144,2.583242551,0.000761325,0.000761325,0,5.80E-07,0.101652716,0.010333275,-2.28619302
4/21/2016,2091.48,13.95,2.635479508,2.586259144,-0.0052076,0,-0.0052076,2.71E-05,0.10053537,0.010107361,-2.297245673
4/22/2016,2091.58,13.22,2.581730834,2.635479508,4.78E-05,4.78E-05,0,2.29E-09,0.100450899,0.010090383,-2.298086238
4/25/2016,2087.79,14.08,2.644755351,2.581730834,-0.001813671,0,-0.001813671,3.29E-06,0.101048156,0.01021073,-2.292158084
4/26/2016,2091.7,13.96,2.636196097,2.644755351,0.001871042,0.001871042,0,3.50E-06,0.097102706,0.009428936,-2.331986036
4/27/2016,2095.15,13.77,2.622492313,2.636196097,0.001648017,0.001648017,0,2.72E-06,0.096298648,0.00927343,-2.340301
4/28/2016,2075.81,15.22,2.722610352,2.622492313,-0.009273711,0,-0.009273711,8.60E-05,0.102313312,0.010468014,-2.279715487
4/29/2016,2065.3,15.7,2.753660712,2.722610352,-0.005075945,0,-0.005075945,2.58E-05,0.101552372,0.010312884,-2.287180633
5/2/2016,2081.43,14.68,2.686486023,2.753660712,0.007779663,0.007779663,0,6.05E-05,0.104648109,0.010951227,-2.2571519
5/3/2016,2063.37,15.6,2.747270914,2.686486023,-0.008714589,0,-0.008714589,7.59E-05,0.102779424,0.01056361,-2.275170102
5/4/2016,2051.12,16.05,2.77570885,2.747270914,-0.005954583,0,-0.005954583,3.55E-05,0.097974451,0.009598993,-2.323048538
5/5/2016,2050.63,15.91,2.766947842,2.77570885,-0.000238922,0,-0.000238922,5.71E-08,0.087751012,0.00770024,-2.433251884
5/6/2016,2057.14,14.72,2.689207113,2.766947842,0.003169606,0.003169606,0,1.00E-05,0.087911869,0.007728497,-2.431420455
5/9/2016,2058.69,14.57,2.67896462,2.689207113,0.00075319,0.00075319,0,5.67E-07,0.087215375,0.007606522,-2.439374645
5/10/2016,2084.39,13.63,2.612273246,2.67896462,0.012406388,0.012406388,0,0.000153918,0.091576773,0.008386305,-2.390577609
5/11/2016,2064.46,14.69,2.68716699,2.612273246,-0.009607555,0,-0.009607555,9.23E-05,0.091194424,0.008316423,-2.394761524
5/12/2016,2064.11,14.41,2.66792241,2.68716699,-0.00016955,0,-0.00016955,2.87E-08,0.091172344,0.008312396,-2.395003674
5/13/2016,2046.61,15.04,2.710713319,2.66792241,-0.008514375,0,-0.008514375,7.25E-05,0.095569451,0.00913352,-2.34790206
5/16/2016,2066.66,14.68,2.686486023,2.710713319,0.009749012,0.009749012,0,9.50E-05,0.099469739,0.009894229,-2.307901812
5/17/2016,2047.21,15.57,2.745345986,2.686486023,-0.009455887,0,-0.009455887,8.94E-05,0.103096662,0.010628922,-2.272088265
5/18/2016,2047.63,15.95,2.769458829,2.745345986,0.000205136,0.000205136,0,4.21E-08,0.102968564,0.010602525,-2.273331541
5/19/2016,2040.04,16.33,2.793003907,2.769458829,-0.003713611,0,-0.003713611,1.38E-05,0.102355145,0.010476576,-2.279306699
5/20/2016,2052.32,15.2,2.721295428,2.793003907,0.006001445,0.006001445,0,3.60E-05,0.105486413,0.011127383,-2.249173121
5/23/2016,2048.04,15.82,2.761274962,2.721295428,-0.002087622,0,-0.002087622,4.36E-06,0.105520727,0.011134624,-2.248847881
5/24/2016,2076.06,14.42,2.668616132,2.761274962,0.013588628,0.013588628,0,0.000184651,0.117238811,0.013744939,-2.143542305
5/25/2016,2090.54,13.9,2.63188884,2.668616132,0.006950539,0.006950539,0,4.83E-05,0.119932468,0.014383797,-2.120826461
5/26/2016,2090.1,13.43,2.597491011,2.63188884,-0.000210494,0,-0.000210494,4.43E-08,0.114959713,0.013215736,-2.163173534
5/27/2016,2099.06,13.12,2.574137784,2.597491011,0.004277714,0.004277714,0,1.83E-05,0.113901612,0.012973577,-2.172420256
5/31/2016,2096.95,14.19,2.652537491,2.574137784,-0.001005717,0,-0.001005717,1.01E-06,0.111004549,0.01232201,-2.198184097
6/1/2016,2099.33,14.2,2.653241965,2.652537491,0.001134338,0.001134338,0,1.29E-06,0.105690352,0.01117045,-2.247241667
6/2/2016,2105.26,13.63,2.612273246,2.653241965,0.002820729,0.002820729,0,7.96E-06,0.102730458,0.010553547,-2.275646633
6/3/2016,2099.13,13.47,2.60046499,2.612273246,-0.002916002,0,-0.002916002,8.50E-06,0.103698216,0.01075332,-2.266270367
6/6/2016,2109.41,13.65,2.613739522,2.60046499,0.004885314,0.004885314,0,2.39E-05,0.104314283,0.01088147,-2.260346985
6/7/2016,2112.13,14.05,2.642622396,2.613739522,0.001288629,0.001288629,0,1.66E-06,0.104297462,0.010877961,-2.260508251
6/8/2016,2119.12,14.08,2.644755351,2.642622396,0.003303991,0.003303991,0,1.09E-05,0.096102772,0.009235743,-2.342337118
6/9/2016,2115.48,14.64,2.683757509,2.644755351,-0.001719171,0,-0.001719171,2.96E-06,0.088524178,0.00783653,-2.424479567
6/10/2016,2096.07,17.03,2.834976495,2.683757509,-0.009217574,0,-0.009217574,8.50E-05,0.095925568,0.009201715,-2.344182722
6/13/2016,2079.06,20.97,3.043092845,2.834976495,-0.008148294,0,-0.008148294,6.64E-05,0.095463405,0.009113262,-2.349012299
6/14/2016,2075.32,20.5,3.020424886,3.043092845,-0.00180051,0,-0.00180051,3.24E-06,0.089711758,0.0080482,-2.411153437
6/15/2016,2071.5,20.14,3.002707887,3.020424886,-0.001842376,0,-0.001842376,3.39E-06,0.08262351,0.006826644,-2.493461014
6/16/2016,2077.99,19.37,2.963725477,3.002707887,0.003128098,0.003128098,0,9.79E-06,0.083093162,0.006904474,-2.487792867
6/17/2016,2071.22,19.41,2.965788397,2.963725477,-0.003263275,0,-0.003263275,1.06E-05,0.08278814,0.006853876,-2.491470465
6/20/2016,2083.25,18.37,2.910718899,2.965788397,0.005791369,0.005791369,0,3.35E-05,0.08261486,0.006825215,-2.493565711
6/21/2016,2088.9,18.48,2.916689066,2.910718899,0.002708437,0.002708437,0,7.34E-06,0.082184551,0.006754301,-2.498787939
6/22/2016,2085.45,21.17,3.052585085,2.916689066,-0.001652952,0,-0.001652952,2.73E-06,0.067725683,0.004586768,-2.692289806
6/23/2016,2113.32,17.25,2.847812143,3.052585085,0.013275511,0.013275511,0,0.000176239,0.078861436,0.006219126,-2.540062941
6/24/2016,2037.41,25.76,3.248822901,2.847812143,-0.036580777,0,-0.036580777,0.001338153,0.15366278,0.02361225,-1.872994818
6/27/2016,2000.54,23.85,3.171784217,3.248822901,-0.018262249,0,-0.018262249,0.00033351,0.16337909,0.026692727,-1.811682073
6/28/2016,2036.09,18.75,2.931193752,3.171784217,0.017614158,0.017614158,0,0.000310259,0.178189768,0.031751594,-1.724906184
6/29/2016,2070.77,16.64,2.811809435,2.931193752,0.016889217,0.016889217,0,0.000285246,0.189653946,0.035968619,-1.662554204
6/30/2016,2098.86,15.63,2.749192144,2.811809435,0.013473821,0.013473821,0,0.000181544,0.195931659,0.038389215,-1.629989359
7/1/2016,2102.95,14.77,2.692598097,2.749192144,0.001946781,0.001946781,0,3.79E-06,0.195782173,0.038330659,-1.6307526
7/5/2016,2088.55,15.58,2.74598804,2.692598097,-0.006871076,0,-0.006871076,4.72E-05,0.196410249,0.038576986,-1.6275497
7/6/2016,2099.73,14.96,2.705379973,2.74598804,0.00533872,0.00533872,0,2.85E-05,0.197422123,0.038975494,-1.622411086
7/7/2016,2097.9,14.76,2.691920819,2.705379973,-0.000871921,0,-0.000871921,7.60E-07,0.196968566,0.038796616,-1.624711126
7/8/2016,2129.9,13.2,2.58021683,2.691920819,0.015138186,0.015138186,0,0.000229165,0.204532217,0.041833428,-1.587029776
7/11/2016,2137.16,13.54,2.605648267,2.58021683,0.003402815,0.003402815,0,1.16E-05,0.201595592,0.040640783,-1.601491608
7/12/2016,2152.14,13.55,2.606386547,2.605648267,0.006984851,0.006984851,0,4.88E-05,0.199664055,0.039865735,-1.61111905
7/13/2016,2152.43,13.04,2.568021556,2.606386547,0.000134741,0.000134741,0,1.82E-08,0.199328427,0.039731822,-1.612801428
7/14/2016,2163.75,12.82,2.551006451,2.568021556,0.005245391,0.005245391,0,2.75E-05,0.199186991,0.039675457,-1.613511242
7/15/2016,2161.74,12.67,2.539236994,2.551006451,-0.000929375,0,-0.000929375,8.64E-07,0.199450962,0.039780686,-1.612186877
7/18/2016,2166.89,12.44,2.520917087,2.539236994,0.002379507,0.002379507,0,5.66E-06,0.198488573,0.039397714,-1.617023747
7/19/2016,2163.78,11.97,2.48240352,2.520917087,-0.001436268,0,-0.001436268,2.06E-06,0.198440038,0.039378449,-1.6172683
7/20/2016,2173.02,11.77,2.465553921,2.48240352,0.004261213,0.004261213,0,1.82E-05,0.198600798,0.039442277,-1.616458509
7/21/2016,2165.17,12.74,2.54474665,2.465553921,-0.003619025,0,-0.003619025,1.31E-05,0.199198739,0.039680138,-1.613452264
7/22/2016,2175.03,12.02,2.486571929,2.54474665,0.004543577,0.004543577,0,2.06E-05,0.194936798,0.038000355,-1.635079886
7/25/2016,2168.48,12.87,2.554899022,2.486571929,-0.003015996,0,-0.003015996,9.10E-06,0.135441636,0.018344437,-1.999214462
7/26/2016,2169.18,13.05,2.568788134,2.554899022,0.000322755,0.000322755,0,1.04E-07,0.110256702,0.01215654,-2.204943977
7/27/2016,2166.58,12.83,2.551786179,2.568788134,-0.001199329,0,-0.001199329,1.44E-06,0.099223759,0.009845354,-2.310377787
7/28/2016,2170.06,12.72,2.543175558,2.551786179,0.00160493,0.00160493,0,2.58E-06,0.084856317,0.007200595,-2.466795841
7/29/2016,2173.6,11.87,2.474014209,2.543175558,0.001629962,0.001629962,0,2.66E-06,0.073963957,0.005470667,-2.604177372
8/1/2016,2170.84,12.44,2.520917087,2.474014209,-0.00127059,0,-0.00127059,1.61E-06,0.07472791,0.005584261,-2.593901629
8/2/2016,2157.03,13.37,2.593013391,2.520917087,-0.006381914,0,-0.006381914,4.07E-05,0.074010167,0.005477505,-2.603552803
8/3/2016,2163.79,12.86,2.554121719,2.593013391,0.003129038,0.003129038,0,9.79E-06,0.072942795,0.005320651,-2.618079775
8/4/2016,2164.25,12.42,2.519308077,2.554121719,0.000212567,0.000212567,0,4.52E-08,0.072575206,0.005267161,-2.623131931
8/5/2016,2182.87,11.39,2.432735777,2.519308077,0.008566644,0.008566644,0,7.34E-05,0.058683999,0.003443812,-2.835588179
8/8/2016,2180.89,11.5,2.442347035,2.432735777,-0.000907474,0,-0.000907474,8.24E-07,0.05856,0.003429274,-2.837703409
8/9/2016,2181.74,11.66,2.456164181,2.442347035,0.000389673,0.000389673,0,1.52E-07,0.054152893,0.002932536,-2.915943881
8/10/2016,2175.49,12.05,2.48906466,2.456164181,-0.002868797,0,-0.002868797,8.23E-06,0.055586733,0.003089885,-2.889810721
8/11/2016,2185.79,11.68,2.457877977,2.48906466,0.004723393,0.004723393,0,2.23E-05,0.055027855,0.003028065,-2.899915767
8/12/2016,2184.05,11.55,2.446685437,2.457877977,-0.000796368,0,-0.000796368,6.34E-07,0.054983824,0.003023221,-2.900716246
8/15/2016,2190.15,11.81,2.46894663,2.446685437,0.002789083,0.002789083,0,7.78E-06,0.055187038,0.003045609,-2.897027172
8/16/2016,2178.15,12.64,2.536866389,2.46894663,-0.005494142,0,-0.005494142,3.02E-05,0.058865524,0.00346515,-2.832499691
8/17/2016,2182.22,12.19,2.500615943,2.536866389,0.001866815,0.001866815,0,3.49E-06,0.057338985,0.003287759,-2.85877452
8/18/2016,2187.02,11.43,2.436241478,2.500615943,0.002197179,0.002197179,0,4.83E-06,0.055884275,0.003123052,-2.884472244
8/19/2016,2183.87,11.34,2.428336298,2.436241478,-0.001441354,0,-0.001441354,2.08E-06,0.054154881,0.002932751,-2.915907171
8/22/2016,2182.64,12.27,2.507157259,2.428336298,-0.000563379,0,-0.000563379,3.17E-07,0.052906831,0.002799133,-2.939222818
8/23/2016,2186.9,12.38,2.516082267,2.507157259,0.001949863,0.001949863,0,3.80E-06,0.053220066,0.002832375,-2.933319773
8/24/2016,2175.44,13.45,2.598979106,2.516082267,-0.005254073,0,-0.005254073,2.76E-05,0.056676992,0.003212281,-2.870386935
8/25/2016,2172.47,13.63,2.612273246,2.598979106,-0.001366174,0,-0.001366174,1.87E-06,0.05668422,0.003213101,-2.870259414
8/26/2016,2169.04,13.65,2.613739522,2.612273246,-0.001580096,0,-0.001580096,2.50E-06,0.056646888,0.00320887,-2.870918227
8/29/2016,2180.38,12.94,2.560323289,2.613739522,0.0052145,0.0052145,0,2.72E-05,0.05948336,0.00353827,-2.822058669
8/30/2016,2176.12,13.12,2.574137784,2.560323289,-0.001955699,0,-0.001955699,3.82E-06,0.054864115,0.003010071,-2.902895787
8/31/2016,2170.95,13.42,2.596746132,2.574137784,-0.002378615,0,-0.002378615,5.66E-06,0.05476771,0.002999502,-2.904654492
9/1/2016,2170.86,13.48,2.601207105,2.596746132,-4.15E-05,0,-4.15E-05,1.72E-09,0.054772217,0.002999996,-2.904572203
9/2/2016,2179.98,11.98,2.483238593,2.601207105,0.0041923,0.0041923,0,1.76E-05,0.047589446,0.002264755,-3.045144265
9/6/2016,2186.48,12.02,2.486571929,2.483238593,0.002977242,0.002977242,0,8.86E-06,0.048664315,0.002368216,-3.022809269
9/7/2016,2186.16,11.94,2.479894108,2.486571929,-0.000146365,0,-0.000146365,2.14E-08,0.048663283,0.002368115,-3.022830476
9/8/2016,2181.3,12.51,2.526528324,2.479894108,-0.002225551,0,-0.002225551,4.95E-06,0.048193898,0.002322652,-3.032522863
9/9/2016,2127.81,17.5,2.862200881,2.526528324,-0.024827748,0,-0.024827748,0.000616417,0.098629614,0.009727801,-2.316383718
9/12/2016,2159.04,15.16,2.71866038,2.862200881,0.014570397,0.014570397,0,0.000212296,0.113694516,0.012926443,-2.174240112
9/13/2016,2127.02,17.85,2.882003508,2.71866038,-0.014941739,0,-0.014941739,0.000223256,0.123713419,0.01530501,-2.089787525
9/14/2016,2125.77,18.14,2.898119445,2.882003508,-0.000587849,0,-0.000587849,3.46E-07,0.122815307,0.0150836,-2.097073621
9/15/2016,2147.26,16.3,2.791165108,2.898119445,0.010058521,0.010058521,0,0.000101174,0.128838,0.01659923,-2.049199478
9/16/2016,2139.16,15.37,2.732417558,2.791165108,-0.003779382,0,-0.003779382,1.43E-05,0.128735939,0.016572942,-2.049991957
9/19/2016,2139.12,15.53,2.742773637,2.732417558,-1.87E-05,0,-1.87E-05,3.50E-10,0.128785872,0.016585801,-2.049604161
9/20/2016,2139.76,15.92,2.76757618,2.742773637,0.000299144,0.000299144,0,8.95E-08,0.128864152,0.01660597,-2.048996515
9/21/2016,2163.12,13.3,2.587764035,2.76757618,0.010857951,0.010857951,0,0.000117895,0.135281213,0.018301006,-2.000399608
9/22/2016,2177.18,12.02,2.486571929,2.587764035,0.006478837,0.006478837,0,4.20E-05,0.136273431,0.018570448,-1.99309189
9/23/2016,2164.69,12.29,2.508785924,2.486571929,-0.005753297,0,-0.005753297,3.31E-05,0.137755573,0.018976598,-1.982274374
9/26/2016,2146.1,14.5,2.674148649,2.508785924,-0.008624923,0,-0.008624923,7.44E-05,0.140938593,0.019863687,-1.959430994
9/27/2016,2159.93,13.1,2.57261223,2.674148649,0.006423572,0.006423572,0,4.13E-05,0.141655912,0.020066397,-1.954354317
9/28/2016,2171.37,12.39,2.516889696,2.57261223,0.005282491,0.005282491,0,2.79E-05,0.142973757,0.020441495,-1.945094183
9/29/2016,2151.13,14.02,2.640484882,2.516889696,-0.009365019,0,-0.009365019,8.77E-05,0.146550553,0.021477064,-1.920384838
9/30/2016,2168.27,13.29,2.587011873,2.640484882,0.007936329,0.007936329,0,6.30E-05,0.149556893,0.022367264,-1.900078403
10/3/2016,2161.2,13.57,2.607861474,2.587011873,-0.003265992,0,-0.003265992,1.07E-05,0.149087006,0.022226935,-1.903225211
10/4/2016,2150.49,13.63,2.612273246,2.607861474,-0.0049679,0,-0.0049679,2.47E-05,0.149344135,0.022303671,-1.901502005
10/5/2016,2159.73,12.99,2.564179831,2.612273246,0.004287491,0.004287491,0,1.84E-05,0.150438571,0.022631764,-1.894200444
10/6/2016,2160.77,12.84,2.552565298,2.564179831,0.000481426,0.000481426,0,2.32E-07,0.15035942,0.022607955,-1.894726718
10/7/2016,2153.74,13.48,2.601207105,2.552565298,-0.003258774,0,-0.003258774,1.06E-05,0.120561911,0.014535174,-2.115591874
10/10/2016,2163.66,13.38,2.593761055,2.601207105,0.004595366,0.004595366,0,2.11E-05,0.109971819,0.012093801,-2.207531137
10/11/2016,2136.73,15.36,2.731766728,2.593761055,-0.012524609,0,-0.012524609,0.000156866,0.105842034,0.011202536,-2.245807542
10/12/2016,2139.18,15.91,2.766947842,2.731766728,0.001145955,0.001145955,0,1.31E-06,0.105843767,0.011202903,-2.245791168
10/13/2016,2132.55,16.69,2.814809738,2.766947842,-0.003104131,0,-0.003104131,9.64E-06,0.099918491,0.009983705,-2.303400515
10/14/2016,2132.98,16.12,2.780060737,2.814809738,0.000201616,0.000201616,0,4.06E-08,0.099098853,0.009820583,-2.311637412
10/17/2016,2126.5,16.21,2.785628336,2.780060737,-0.003042627,0,-0.003042627,9.26E-06,0.099627783,0.009925695,-2.306314208
10/18/2016,2139.6,15.28,2.726544784,2.785628336,0.00614146,0.00614146,0,3.77E-05,0.102215345,0.010447977,-2.280673466
10/19/2016,2144.29,14.41,2.66792241,2.726544784,0.0021896,0.0021896,0,4.79E-06,0.094325044,0.008897214,-2.361008547
10/20/2016,2141.34,13.75,2.621038824,2.66792241,-0.001376694,0,-0.001376694,1.90E-06,0.090739236,0.008233609,-2.399765424
10/21/2016,2141.16,13.34,2.59076704,2.621038824,-8.41E-05,0,-8.41E-05,7.07E-09,0.088871711,0.007898181,-2.420561399
10/24/2016,2151.33,13.02,2.566486637,2.59076704,0.004738517,0.004738517,0,2.25E-05,0.085350079,0.007284636,-2.460993904
10/25/2016,2143.16,13.46,2.599722324,2.566486637,-0.00380488,0,-0.00380488,1.45E-05,0.083024213,0.00689302,-2.488622991
10/26/2016,2139.43,14.24,2.656054906,2.599722324,-0.001741937,0,-0.001741937,3.03E-06,0.080360566,0.006457821,-2.521231696
10/27/2016,2133.04,15.36,2.731766728,2.656054906,-0.002991246,0,-0.002991246,8.95E-06,0.074240147,0.005511599,-2.60045021
10/28/2016,2126.41,16.19,2.784393768,2.731766728,-0.00311308,0,-0.00311308,9.69E-06,0.067823481,0.004600025,-2.690846817
10/31/2016,2126.15,17.06,2.836736542,2.784393768,-0.000122279,0,-0.000122279,1.50E-08,0.067331109,0.004533478,-2.698132905
11/1/2016,2111.72,18.56,2.921008727,2.836736542,-0.006810051,0,-0.006810051,4.64E-05,0.069130644,0.004779046,-2.671757173
11/2/2016,2097.94,19.32,2.961140829,2.921008727,-0.00654687,0,-0.00654687,4.29E-05,0.069024934,0.004764441,-2.673287477
11/3/2016,2088.66,22.08,3.094672221,2.961140829,-0.004433199,0,-0.004433199,1.97E-05,0.0694032,0.004816804,-2.667822303
11/4/2016,2085.18,22.51,3.113959655,3.094672221,-0.00166753,0,-0.00166753,2.78E-06,0.069157717,0.00478279,-2.671365629
11/7/2016,2131.52,18.71,2.92905814,3.113959655,0.021980158,0.021980158,0,0.000483127,0.107032739,0.011456007,-2.234620519
11/8/2016,2139.56,18.74,2.930660277,2.92905814,0.00376486,0.00376486,0,1.42E-05,0.098543574,0.009710836,-2.317256453
11/9/2016,2163.26,14.38,2.665838352,2.930660277,0.011016143,0.011016143,0,0.000121355,0.105929422,0.011221042,-2.244982237
11/10/2016,2167.48,14.74,2.690564887,2.665838352,0.001948859,0.001948859,0,3.80E-06,0.105126906,0.011051666,-2.25258703
11/11/2016,2164.45,14.17,2.651127054,2.690564887,-0.001398915,0,-0.001398915,1.96E-06,0.105403381,0.011109873,-2.249960566
11/14/2016,2164.2,14.48,2.672768387,2.651127054,-0.000115509,0,-0.000115509,1.33E-08,0.104521396,0.010924722,-2.258363482
11/15/2016,2180.39,13.37,2.593013391,2.672768387,0.007452982,0.007452982,0,5.55E-05,0.105496384,0.011129487,-2.249078602
11/16/2016,2176.94,13.72,2.618854622,2.593013391,-0.001583539,0,-0.001583539,2.51E-06,0.105755489,0.011184223,-2.246625557
11/17/2016,2187.12,13.35,2.591516385,2.618854622,0.004665389,0.004665389,0,2.18E-05,0.106313024,0.011302459,-2.24136748
11/18/2016,2181.9,12.85,2.553343811,2.591516385,-0.002389553,0,-0.002389553,5.71E-06,0.106954462,0.011439257,-2.235352124
11/21/2016,2198.18,12.42,2.519308077,2.553343811,0.007433688,0.007433688,0,5.53E-05,0.108637826,0.011802177,-2.219735626
11/22/2016,2202.94,12.41,2.518502599,2.519308077,0.002163087,0.002163087,0,4.68E-06,0.10713579,0.011478078,-2.233658184
11/23/2016,2204.72,12.43,2.520112906,2.518502599,0.000807685,0.000807685,0,6.52E-07,0.106532348,0.011349141,-2.239306603
11/25/2016,2213.35,12.34,2.512846018,2.520112906,0.003906688,0.003906688,0,1.53E-05,0.105481351,0.011126315,-2.249221109
11/28/2016,2201.72,13.15,2.576421759,2.512846018,-0.005268332,0,-0.005268332,2.78E-05,0.107090944,0.01146847,-2.234076862
11/29/2016,2204.66,12.9,2.557227311,2.576421759,0.001334429,0.001334429,0,1.78E-06,0.106879557,0.01142324,-2.236052714
11/30/2016,2198.81,13.33,2.590017134,2.557227311,-0.002656997,0,-0.002656997,7.06E-06,0.103395357,0.0106906,-2.269195221
12/1/2016,2191.08,14.07,2.644044871,2.590017134,-0.003521732,0,-0.003521732,1.24E-05,0.100590253,0.010118399,-2.296699915
12/2/2016,2191.95,14.12,2.647592232,2.644044871,0.000396986,0.000396986,0,1.58E-07,0.097806287,0.00956607,-2.32476642
12/5/2016,2204.71,12.14,2.496505786,2.647592232,0.005804422,0.005804422,0,3.37E-05,0.097265956,0.009460666,-2.330306238
12/6/2016,2212.23,11.79,2.467251715,2.496505786,0.003405076,0.003405076,0,1.16E-05,0.065962825,0.004351094,-2.718663953
12/7/2016,2241.35,12.22,2.503073954,2.467251715,0.013077306,0.013077306,0,0.000171016,0.076907466,0.005914758,-2.56515232
12/8/2016,2246.19,12.64,2.536866389,2.503073954,0.002157085,0.002157085,0,4.65E-06,0.069720755,0.004860984,-2.663257229
12/9/2016,2259.53,11.75,2.463853241,2.536866389,0.005921379,0.005921379,0,3.51E-05,0.071182714,0.005066979,-2.642505271
12/12/2016,2256.96,12.64,2.536866389,2.463853241,-0.001138052,0,-0.001138052,1.30E-06,0.071019475,0.005043766,-2.644801144
12/13/2016,2271.72,12.72,2.543175558,2.536866389,0.006518479,0.006518479,0,4.25E-05,0.072178338,0.005209712,-2.628615306
12/14/2016,2253.28,13.19,2.579458967,2.543175558,-0.008150321,0,-0.008150321,6.64E-05,0.078714642,0.006195995,-2.541926093
12/15/2016,2262.03,12.79,2.548663616,2.579458967,0.003875708,0.003875708,0,1.50E-05,0.078128756,0.006104102,-2.549397095
12/16/2016,2258.07,12.2,2.501435952,2.548663616,-0.001752174,0,-0.001752174,3.07E-06,0.07845499,0.006155185,-2.545230194
12/19/2016,2262.53,11.71,2.460443178,2.501435952,0.00197319,0.00197319,0,3.89E-06,0.077030784,0.005933742,-2.563550145
12/20/2016,2270.76,11.45,2.43798973,2.460443178,0.003630921,0.003630921,0,1.32E-05,0.074492362,0.005549112,-2.597058682
12/21/2016,2265.18,11.27,2.422144328,2.43798973,-0.002460351,0,-0.002460351,6.05E-06,0.075844357,0.005752366,-2.579071973
12/22/2016,2260.96,11.43,2.436241478,2.422144328,-0.001864724,0,-0.001864724,3.48E-06,0.076706259,0.00588385,-2.56777197
12/23/2016,2263.79,11.44,2.437115986,2.436241478,0.001250898,0.001250898,0,1.56E-06,0.076067254,0.005786227,-2.576137409
12/27/2016,2268.88,11.99,2.484072969,2.437115986,0.002245918,0.002245918,0,5.04E-06,0.072270249,0.005222989,-2.627342728
12/28/2016,2249.92,12.95,2.561095788,2.484072969,-0.008391658,0,-0.008391658,7.04E-05,0.080363158,0.006458237,-2.521199442
12/29/2016,2249.26,13.37,2.593013391,2.561095788,-0.000293387,0,-0.000293387,8.61E-08,0.079362054,0.006298336,-2.533734934
12/30/2016,2238.83,14.04,2.641910399,2.593013391,-0.004647865,0,-0.004647865,2.16E-05,0.080333049,0.006453399,-2.521574174
1/3/2017,2257.83,12.85,2.553343811,2.641910399,0.008450767,0.008450767,0,7.14E-05,0.0844109,0.0071252,-2.472058739
1/4/2017,2270.75,11.85,2.472327868,2.553343811,0.005705998,0.005705998,0,3.26E-05,0.08434473,0.007114033,-2.47284295
1/5/2017,2269,11.67,2.457021446,2.472327868,-0.000770968,0,-0.000770968,5.94E-07,0.08438035,0.007120043,-2.472420724
1/6/2017,2276.98,11.32,2.426571073,2.457021446,0.003510798,0.003510798,0,1.23E-05,0.072636869,0.005276115,-2.622282649
1/9/2017,2268.9,11.56,2.447550863,2.426571073,-0.003554871,0,-0.003554871,1.26E-05,0.074026051,0.005479856,-2.603338207
1/10/2017,2268.9,11.49,2.441477092,2.447550863,0,0,0,0,0.071207911,0.005070567,-2.642151357
1/11/2017,2275.32,11.26,2.421256623,2.441477092,0.002825569,0.002825569,0,7.98E-06,0.071603813,0.005127106,-2.636606952
1/12/2017,2270.44,11.54,2.445819261,2.421256623,-0.002147057,0,-0.002147057,4.61E-06,0.068322821,0.004668008,-2.683511439
1/13/2017,2274.64,11.23,2.418588769,2.445819261,0.001848153,0.001848153,0,3.42E-06,0.061428394,0.003773448,-2.789883108
1/17/2017,2267.89,11.87,2.474014209,2.418588769,-0.002971914,0,-0.002971914,8.83E-06,0.061204224,0.003745957,-2.793539072
1/18/2017,2271.89,12.48,2.524127363,2.474014209,0.0017622,0.0017622,0,3.11E-06,0.061042397,0.003726174,-2.796186623
1/19/2017,2263.69,12.78,2.547881449,2.524127363,-0.003615859,0,-0.003615859,1.31E-05,0.062229074,0.003872458,-2.776932961
1/20/2017,2271.31,11.54,2.445819261,2.547881449,0.003360532,0.003360532,0,1.13E-05,0.062028382,0.00384752,-2.780163224
1/23/2017,2265.2,11.77,2.465553921,2.445819261,-0.002693702,0,-0.002693702,7.26E-06,0.062157145,0.003863511,-2.778089504
1/24/2017,2280.07,11.07,2.404238747,2.465553921,0.006543089,0.006543089,0,4.28E-05,0.065865291,0.004338237,-2.720143668
1/25/2017,2298.37,10.81,2.380471632,2.404238747,0.007994032,0.007994032,0,6.39E-05,0.071131084,0.005059631,-2.643230851
1/26/2017,2296.68,10.63,2.363680192,2.380471632,-0.000735574,0,-0.000735574,5.41E-07,0.071091201,0.005053959,-2.643791705
1/27/2017,2294.69,10.58,2.358965426,2.363680192,-0.000866844,0,-0.000866844,7.51E-07,0.063014617,0.003970842,-2.764388564
1/30/2017,2280.9,11.88,2.474856314,2.358965426,-0.006027656,0,-0.006027656,3.63E-05,0.06767297,0.004579631,-2.69306844
1/31/2017,2278.87,11.99,2.484072969,2.474856314,-0.000890396,0,-0.000890396,7.93E-07,0.064997299,0.004224649,-2.733409564
2/1/2017,2279.55,11.81,2.46894663,2.484072969,0.000298349,0.000298349,0,8.90E-08,0.058533998,0.003426229,-2.838147531
2/2/2017,2280.85,11.93,2.479056236,2.46894663,0.000570125,0.000570125,0,3.25E-07,0.055194526,0.003046436,-2.896891497
2/3/2017,2297.42,10.97,2.395164274,2.479056236,0.007238574,0.007238574,0,5.24E-05,0.060363997,0.003643812,-2.807362428
2/6/2017,2292.56,11.37,2.430978308,2.395164274,-0.002117657,0,-0.002117657,4.48E-06,0.06009764,0.003611726,-2.811784706
2/7/2017,2293.08,11.29,2.423917378,2.430978308,0.000226795,0.000226795,0,5.14E-08,0.058319074,0.003401114,-2.841826069
2/8/2017,2294.67,11.45,2.43798973,2.423917378,0.00069315,0.00069315,0,4.80E-07,0.058287413,0.003397423,-2.842369109
2/9/2017,2307.87,10.88,2.386926241,2.43798973,0.005735979,0.005735979,0,3.29E-05,0.060652252,0.003678696,-2.802598513
2/10/2017,2316.1,10.85,2.38416508,2.386926241,0.003559715,0.003559715,0,1.27E-05,0.060469083,0.00365651,-2.805623069
2/13/2017,2328.25,11.07,2.404238747,2.38416508,0.005232176,0.005232176,0,2.74E-05,0.062268245,0.003877334,-2.776303694
2/14/2017,2337.58,10.74,2.373975089,2.404238747,0.003999294,0.003999294,0,1.60E-05,0.061030411,0.003724711,-2.796382998
2/15/2017,2349.25,11.97,2.48240352,2.373975089,0.004979922,0.004979922,0,2.48E-05,0.062260833,0.003876411,-2.776422735
2/16/2017,2347.22,11.76,2.464703942,2.48240352,-0.000864479,0,-0.000864479,7.47E-07,0.059880755,0.003585705,-2.815400111
2/17/2017,2351.16,11.49,2.441477092,2.464703942,0.001677174,0.001677174,0,2.81E-06,0.059600773,0.003552252,-2.820086735
2/21/2017,2365.38,11.57,2.448415541,2.441477092,0.006029862,0.006029862,0,3.64E-05,0.05905939,0.003488012,-2.829211731
2/22/2017,2362.82,11.74,2.463001814,2.448415541,-0.001082865,0,-0.001082865,1.17E-06,0.057748449,0.003334883,-2.851658787
2/23/2017,2363.81,11.71,2.460443178,2.463001814,0.000418903,0.000418903,0,1.75E-07,0.05300711,0.002809754,-2.937329223
2/24/2017,2367.34,11.47,2.439734931,2.460443178,0.001492238,0.001492238,0,2.23E-06,0.052401011,0.002745866,-2.948829394
2/27/2017,2369.75,12.09,2.492378665,2.439734931,0.001017502,0.001017502,0,1.04E-06,0.051686978,0.002671544,-2.962549405
2/28/2017,2363.64,12.92,2.558776498,2.492378665,-0.002581661,0,-0.002581661,6.66E-06,0.046076819,0.002123073,-3.077445297
3/1/2017,2395.96,12.54,2.528923535,2.558776498,0.013581182,0.013581182,0,0.000184449,0.061123769,0.003736115,-2.79485447
3/2/2017,2381.92,11.81,2.46894663,2.528923535,-0.0058771,0,-0.0058771,3.45E-05,0.067661966,0.004578142,-2.693231059
3/3/2017,2383.12,10.96,2.394252282,2.46894663,0.000503668,0.000503668,0,2.54E-07,0.067683559,0.004581064,-2.692911979
3/6/2017,2375.31,11.24,2.419478844,2.394252282,-0.003282598,0,-0.003282598,1.08E-05,0.067584734,0.004567696,-2.69437315
3/7/2017,2368.39,11.45,2.43798973,2.419478844,-0.002917556,0,-0.002917556,8.51E-06,0.068235356,0.004656064,-2.684792432
3/8/2017,2362.98,11.86,2.473171394,2.43798973,-0.002286865,0,-0.002286865,5.23E-06,0.069491324,0.004829044,-2.666553369
3/9/2017,2364.87,12.3,2.509599262,2.473171394,0.000799518,0.000799518,0,6.39E-07,0.06947594,0.004826906,-2.666774773
3/10/2017,2372.6,11.66,2.456164181,2.509599262,0.003263348,0.003263348,0,1.06E-05,0.068018702,0.004626544,-2.687972582
3/13/2017,2373.47,11.35,2.429217744,2.456164181,0.000366619,0.000366619,0,1.34E-07,0.067606564,0.004570647,-2.6940502
3/14/2017,2365.45,12.3,2.509599262,2.429217744,-0.003384741,0,-0.003384741,1.15E-05,0.067748877,0.00458991,-2.691947395
3/15/2017,2385.26,11.63,2.453587967,2.509599262,0.008339854,0.008339854,0,6.96E-05,0.072086889,0.00519652,-2.629883096
3/16/2017,2381.38,11.21,2.416806237,2.453587967,-0.001627981,0,-0.001627981,2.65E-06,0.071068691,0.005050759,-2.644108391
3/17/2017,2378.25,11.28,2.423031246,2.416806237,-0.001315228,0,-0.001315228,1.73E-06,0.071216404,0.005071776,-2.642032094
3/20/2017,2373.47,11.34,2.428336298,2.423031246,-0.002011904,0,-0.002011904,4.05E-06,0.071717422,0.005143389,-2.635021576
3/21/2017,2344.02,12.47,2.52332576,2.428336298,-0.012485615,0,-0.012485615,0.000155891,0.082056874,0.006733331,-2.500342687
3/22/2017,2348.45,12.81,2.550226116,2.52332576,0.001888132,0.001888132,0,3.57E-06,0.082431509,0.006794954,-2.495787524
3/23/2017,2345.96,13.12,2.574137784,2.550226116,-0.001060836,0,-0.001060836,1.13E-06,0.082426499,0.006794128,-2.495848304
3/24/2017,2343.98,12.96,2.561867691,2.574137784,-0.000844361,0,-0.000844361,7.13E-07,0.082139746,0.006746938,-2.499333263
3/27/2017,2341.59,12.5,2.525728644,2.561867691,-0.001020153,0,-0.001020153,1.04E-06,0.081960086,0.006717456,-2.501522906
3/28/2017,2358.57,11.53,2.444952334,2.525728644,0.007225317,0.007225317,0,5.22E-05,0.086099789,0.007413174,-2.452248318
3/29/2017,2361.13,11.42,2.435366204,2.444952334,0.001084815,0.001084815,0,1.18E-06,0.069593567,0.004843265,-2.665083144
3/30/2017,2368.06,11.54,2.445819261,2.435366204,0.002930737,0.002930737,0,8.59E-06,0.067960957,0.004618692,-2.6888219
3/31/2017,2362.72,12.37,2.515274186,2.445819261,-0.002257557,0,-0.002257557,5.10E-06,0.068238517,0.004656495,-2.684746108
4/3/2017,2358.84,12.38,2.516082267,2.515274186,-0.001643525,0,-0.001643525,2.70E-06,0.067574496,0.004566313,-2.694524645
4/4/2017,2360.16,11.79,2.467251715,2.516082267,0.000559441,0.000559441,0,3.13E-07,0.066945022,0.004481636,-2.703883564
4/5/2017,2352.95,12.89,2.556451817,2.467251715,-0.003059553,0,-0.003059553,9.36E-06,0.067323578,0.004532464,-2.698244762
4/6/2017,2357.49,12.39,2.516889696,2.556451817,0.001927634,0.001927634,0,3.72E-06,0.067666753,0.004578789,-2.693160313
4/7/2017,2355.54,12.87,2.554899022,2.516889696,-0.000827493,0,-0.000827493,6.85E-07,0.066472323,0.00441857,-2.710969613
4/10/2017,2357.16,14.05,2.642622396,2.554899022,0.000687504,0.000687504,0,4.73E-07,0.066528633,0.004426059,-2.710122853
4/11/2017,2353.78,15.07,2.712706013,2.642622396,-0.001434958,0,-0.001434958,2.06E-06,0.065701835,0.004316731,-2.722628424
4/12/2017,2344.93,15.77,2.758109401,2.712706013,-0.003766996,0,-0.003766996,1.42E-05,0.058359448,0.003405825,-2.841134014
4/13/2017,2328.95,15.96,2.770085592,2.758109401,-0.006838028,0,-0.006838028,4.68E-05,0.062088672,0.003855003,-2.779191722
4/17/2017,2349.01,14.66,2.685122696,2.770085592,0.008576441,0.008576441,0,7.36E-05,0.070956491,0.005034824,-2.645688393
4/18/2017,2342.19,14.42,2.668616132,2.685122696,-0.002907574,0,-0.002907574,8.45E-06,0.071260341,0.005078036,-2.641415334
4/19/2017,2338.17,14.93,2.703372612,2.668616132,-0.001717817,0,-0.001717817,2.95E-06,0.056232999,0.00316215,-2.878251524
4/20/2017,2355.84,14.15,2.649714624,2.703372612,0.00752878,0.00752878,0,5.67E-05,0.062163096,0.003864251,-2.777993767
4/21/2017,2348.69,14.63,2.683074215,2.649714624,-0.003039626,0,-0.003039626,9.24E-06,0.063067553,0.003977516,-2.763548857
4/24/2017,2374.15,10.84,2.383242996,2.683074215,0.010781753,0.010781753,0,0.000116246,0.073500214,0.005402281,-2.610466961
4/25/2017,2388.61,10.76,2.375835555,2.383242996,0.006072128,0.006072128,0,3.69E-05,0.075656072,0.005723841,-2.581557578
4/26/2017,2387.45,10.85,2.38416508,2.375835555,-0.000485756,0,-0.000485756,2.36E-07,0.072100394,0.005198467,-2.62969577
4/27/2017,2388.77,10.36,2.337952237,2.38416508,0.000552738,0.000552738,0,3.06E-07,0.072078509,0.005195311,-2.629999351
4/28/2017,2384.2,10.82,2.381396273,2.337952237,-0.001914951,0,-0.001914951,3.67E-06,0.07203648,0.005189254,-2.630582622
5/1/2017,2388.33,10.11,2.313525033,2.381396273,0.001730739,0.001730739,0,3.00E-06,0.071518583,0.005114908,-2.637797961
5/2/2017,2391.17,10.59,2.35991016,2.313525033,0.001188409,0.001188409,0,1.41E-06,0.071077433,0.005052001,-2.643985391
5/3/2017,2388.13,10.68,2.368372834,2.35991016,-0.001272153,0,-0.001272153,1.62E-06,0.071415402,0.00510016,-2.639241719
5/4/2017,2389.52,10.46,2.347558459,2.368372834,0.000581876,0.000581876,0,3.39E-07,0.070105654,0.004914803,-2.657751832
5/5/2017,2399.29,10.57,2.3580198,2.347558459,0.004080351,0.004080351,0,1.66E-05,0.070987562,0.005039234,-2.6452506
5/8/2017,2399.38,9.77,2.279316466,2.3580198,3.75E-05,3.75E-05,0,1.41E-09,0.070777898,0.005009511,-2.648208502
5/9/2017,2396.92,9.96,2.298577072,2.279316466,-0.001025791,0,-0.001025791,1.05E-06,0.071113675,0.005057155,-2.643475626
5/10/2017,2399.63,10.21,2.323367632,2.298577072,0.001129979,0.001129979,0,1.28E-06,0.070608163,0.004985513,-2.650609518
5/11/2017,2394.44,10.6,2.360854001,2.323367632,-0.002165176,0,-0.002165176,4.69E-06,0.069403132,0.004816795,-2.667823283
5/12/2017,2390.9,10.4,2.341805806,2.360854001,-0.001479519,0,-0.001479519,2.19E-06,0.063703412,0.004058125,-2.753517154
5/15/2017,2402.32,10.42,2.343727036,2.341805806,0.004765073,0.004765073,0,2.27E-05,0.05921803,0.003506775,-2.826529223
5/16/2017,2400.67,10.65,2.365559892,2.343727036,-0.000687072,0,-0.000687072,4.72E-07,0.057719574,0.003331549,-2.852158926
5/17/2017,2357.03,15.59,2.746629683,2.365559892,-0.018345513,0,-0.018345513,0.000336558,0.090093033,0.008116755,-2.406912443
5/18/2017,2365.72,14.66,2.685122696,2.746629683,0.003680063,0.003680063,0,1.35E-05,0.087038914,0.007575773,-2.441399973
5/19/2017,2381.73,12.04,2.48823444,2.685122696,0.006744699,0.006744699,0,4.55E-05,0.089099875,0.007938788,-2.417997347
5/22/2017,2394.02,10.93,2.391511302,2.48823444,0.005146847,0.005146847,0,2.65E-05,0.082653998,0.006831683,-2.493092083
5/23/2017,2398.42,10.72,2.372111156,2.391511302,0.001836226,0.001836226,0,3.37E-06,0.080139291,0.006422306,-2.523989021
5/24/2017,2404.39,10.02,2.304583096,2.372111156,0.002486046,0.002486046,0,6.18E-06,0.080493086,0.006479137,-2.519583986
5/25/2017,2415.07,9.99,2.301584593,2.304583096,0.004432039,0.004432039,0,1.96E-05,0.081787862,0.006689254,-2.503626433
5/26/2017,2415.82,9.81,2.283402274,2.301584593,0.000310502,0.000310502,0,9.64E-08,0.081279102,0.006606292,-2.509866343
5/30/2017,2412.91,10.38,2.339880878,2.283402274,-0.001205286,0,-0.001205286,1.45E-06,0.081433528,0.00663142,-2.507968199
5/31/2017,2411.8,10.41,2.342766883,2.339880878,-0.000460131,0,-0.000460131,2.12E-07,0.081462146,0.006636081,-2.507616833
6/1/2017,2430.06,9.89,2.291524146,2.342766883,0.007542592,0.007542592,0,5.69E-05,0.084954141,0.007217206,-2.465643686
6/2/2017,2439.07,9.75,2.277267285,2.291524146,0.003700871,0.003700871,0,1.37E-05,0.085533154,0.00731592,-2.458851212
6/5/2017,2436.1,10.07,2.309560707,2.277267285,-0.001218419,0,-0.001218419,1.48E-06,0.085090602,0.007240411,-2.464038684
6/6/2017,2429.33,10.45,2.346601978,2.309560707,-0.002782901,0,-0.002782901,7.74E-06,0.085992957,0.007394789,-2.453489881
6/7/2017,2433.14,10.39,2.340843805,2.346601978,0.001567105,0.001567105,0,2.46E-06,0.085827063,0.007366285,-2.455420903
6/8/2017,2433.79,10.16,2.318458442,2.340843805,0.000267109,0.000267109,0,7.13E-08,0.085831035,0.007366966,-2.455374625
6/9/2017,2431.77,10.7,2.370243741,2.318458442,-0.000830326,0,-0.000830326,6.89E-07,0.08536818,0.007287726,-2.460781847
6/12/2017,2429.39,11.46,2.438862711,2.370243741,-0.00097919,0,-0.00097919,9.59E-07,0.085211375,0.007260979,-2.462620345
6/13/2017,2440.35,10.42,2.343727036,2.438862711,0.004501275,0.004501275,0,2.03E-05,0.085053507,0.007234099,-2.464474726
6/14/2017,2437.92,10.64,2.364620484,2.343727036,-0.000996255,0,-0.000996255,9.93E-07,0.085131541,0.007247379,-2.463557678
6/15/2017,2432.46,10.9,2.388762789,2.364620484,-0.002242126,0,-0.002242126,5.03E-06,0.048470674,0.002349406,-3.026796324
6/16/2017,2433.15,10.38,2.339880878,2.388762789,0.000283623,0.000283623,0,8.04E-08,0.048011509,0.002305105,-3.036314526
6/19/2017,2453.46,10.37,2.338917022,2.339880878,0.008312559,0.008312559,0,6.91E-05,0.050578106,0.002558145,-2.984236484
6/20/2017,2437.03,10.86,2.385086315,2.338917022,-0.006719188,0,-0.006719188,4.51E-05,0.056384491,0.003179211,-2.875561141
6/21/2017,2435.61,10.75,2.374905755,2.385086315,-0.000582846,0,-0.000582846,3.40E-07,0.056499965,0.003192246,-2.87351526
6/22/2017,2434.5,10.48,2.349468679,2.374905755,-0.000455842,0,-0.000455842,2.08E-07,0.056279028,0.003167329,-2.877433318
6/23/2017,2438.3,10.02,2.304583096,2.349468679,0.001559679,0.001559679,0,2.43E-06,0.054598586,0.002981006,-2.907747294
6/26/2017,2439.07,9.9,2.292534757,2.304583096,0.000315744,0.000315744,0,9.97E-08,0.054598375,0.002980983,-2.907751159
6/27/2017,2419.38,11.06,2.403334996,2.292534757,-0.00810551,0,-0.00810551,6.57E-05,0.062363267,0.003889177,-2.774778847
6/28/2017,2440.69,10.03,2.305580602,2.403334996,0.008769477,0.008769477,0,7.69E-05,0.069405213,0.004817084,-2.667793299
6/29/2017,2419.7,11.44,2.437115986,2.305580602,-0.008637221,0,-0.008637221,7.46E-05,0.071651296,0.005133908,-2.635944037
6/30/2017,2423.41,11.18,2.414126468,2.437115986,0.001532074,0.001532074,0,2.35E-06,0.070483851,0.004967973,-2.652371659
7/3/2017,2429.01,11.22,2.4176979,2.414126468,0.002308128,0.002308128,0,5.33E-06,0.070998749,0.005040822,-2.645093022
7/5/2017,2432.54,11.07,2.404238747,2.4176979,0.001452212,0.001452212,0,2.11E-06,0.070502153,0.004970554,-2.652112031
7/6/2017,2409.75,12.54,2.528923535,2.404238747,-0.009412971,0,-0.009412971,8.86E-05,0.077797361,0.006052429,-2.553647769
7/7/2017,2425.18,11.19,2.415020522,2.528923535,0.006382741,0.006382741,0,4.07E-05,0.081519106,0.006645365,-2.506917857
7/10/2017,2427.43,11.11,2.407845604,2.415020522,0.000927336,0.000927336,0,8.60E-07,0.081571068,0.006653839,-2.506280639
7/11/2017,2425.53,10.89,2.387844937,2.407845604,-0.000783027,0,-0.000783027,6.13E-07,0.081545653,0.006649694,-2.506592256
7/12/2017,2443.25,10.3,2.332143895,2.387844937,0.007279063,0.007279063,0,5.30E-05,0.084169169,0.007084449,-2.474926589
7/13/2017,2447.83,9.9,2.292534757,2.332143895,0.001872798,0.001872798,0,3.51E-06,0.084307922,0.007107826,-2.473279444
7/14/2017,2459.27,9.51,2.252343877,2.292534757,0.00466264,0.00466264,0,2.17E-05,0.085209897,0.007260727,-2.46263769
7/17/2017,2459.14,9.82,2.284421122,2.252343877,-5.29E-05,0,-5.29E-05,2.79E-09,0.085232116,0.007264514,-2.462376968
7/18/2017,2460.61,9.89,2.291524146,2.284421122,0.000597591,0.000597591,0,3.57E-07,0.080137583,0.006422032,-2.524010334
7/19/2017,2473.83,9.79,2.281361457,2.291524146,0.00535827,0.00535827,0,2.87E-05,0.077850418,0.006060688,-2.552966011
7/20/2017,2473.45,9.58,2.259677592,2.281361457,-0.00015362,0,-0.00015362,2.36E-08,0.077767864,0.006047841,-2.554026992
7/21/2017,2472.54,9.36,2.23644529,2.259677592,-0.000367975,0,-0.000367975,1.35E-07,0.077750105,0.006045079,-2.554255377
7/24/2017,2469.91,9.43,2.243896097,2.23644529,-0.00106425,0,-0.00106425,1.13E-06,0.077956588,0.00607723,-2.551603171
7/25/2017,2477.13,9.43,2.243896097,2.243896097,0.002918919,0.002918919,0,8.52E-06,0.078357798,0.006139945,-2.546469787
7/26/2017,2477.83,9.6,2.261763098,2.243896097,0.000282545,0.000282545,0,7.98E-08,0.0710683,0.005050703,-2.644113893
7/27/2017,2475.42,10.11,2.313525033,2.261763098,-0.000973099,0,-0.000973099,9.47E-07,0.065488904,0.004288796,-2.725874555
7/28/2017,2472.1,10.29,2.33117255,2.313525033,-0.001342087,0,-0.001342087,1.80E-06,0.056135824,0.003151231,-2.879981096
7/31/2017,2470.3,10.26,2.32825284,2.33117255,-0.000728391,0,-0.000728391,5.31E-07,0.056462195,0.003187979,-2.87418398
8/1/2017,2476.35,10.09,2.311544834,2.32825284,0.002446101,0.002446101,0,5.98E-06,0.056508052,0.00319316,-2.873372138
8/2/2017,2477.57,10.28,2.33020026,2.311544834,0.000492539,0.000492539,0,2.43E-07,0.056501008,0.003192364,-2.8734968
8/3/2017,2472.16,10.44,2.345644582,2.33020026,-0.002185979,0,-0.002185979,4.78E-06,0.043244894,0.001870121,-3.14087611
8/4/2017,2476.83,10.03,2.305580602,2.345644582,0.001887254,0.001887254,0,3.56E-06,0.038936881,0.001516081,-3.24581338
8/7/2017,2480.91,9.93,2.295560478,2.305580602,0.001645912,0.001645912,0,2.71E-06,0.038989465,0.001520178,-3.244463798
8/8/2017,2474.92,10.96,2.394252282,2.295560478,-0.002417356,0,-0.002417356,5.84E-06,0.04043535,0.001635018,-3.208050877
8/9/2017,2474.02,11.11,2.407845604,2.394252282,-0.000363714,0,-0.000363714,1.32E-07,0.033160623,0.001099627,-3.406392161
8/10/2017,2438.21,16.04,2.775085602,2.407845604,-0.014580194,0,-0.014580194,0.000212582,0.06297782,0.003966206,-2.764972678
8/11/2017,2441.32,15.51,2.741484977,2.775085602,0.001274713,0.001274713,0,1.62E-06,0.060614414,0.003674107,-2.803222559
8/14/2017,2465.84,12.33,2.512035317,2.741484977,0.009993644,0.009993644,0,9.99E-05,0.070918122,0.00502938,-2.646229279
8/15/2017,2464.61,12.04,2.48823444,2.512035317,-0.00049894,0,-0.00049894,2.49E-07,0.070930282,0.005031105,-2.646057828
8/16/2017,2468.11,11.74,2.463001814,2.48823444,0.001419096,0.001419096,0,2.01E-06,0.068375518,0.004675211,-2.682740442
8/17/2017,2430.01,15.55,2.744060639,2.463001814,-0.015557303,0,-0.015557303,0.00024203,0.08763751,0.007680333,-2.434546176
8/18/2017,2425.55,14.26,2.657458415,2.744060639,-0.00183707,0,-0.00183707,3.37E-06,0.087677491,0.007687342,-2.434090072
8/21/2017,2428.37,13.19,2.579458967,2.657458415,0.001161948,0.001161948,0,1.35E-06,0.087997698,0.007743595,-2.430444624
8/22/2017,2452.51,11.35,2.429217744,2.579458967,0.00989174,0.00989174,0,9.78E-05,0.09514707,0.009052965,-2.352331479
8/23/2017,2444.04,12.25,2.505525937,2.429217744,-0.003459582,0,-0.003459582,1.20E-05,0.095664969,0.009151786,-2.346903098
8/24/2017,2438.97,12.23,2.50389195,2.505525937,-0.002076589,0,-0.002076589,4.31E-06,0.09578892,0.009175517,-2.345608258
8/25/2017,2443.05,11.28,2.423031246,2.50389195,0.00167144,0.00167144,0,2.79E-06,0.096135059,0.00924195,-2.342001212
8/28/2017,2444.24,11.32,2.426571073,2.423031246,0.000486977,0.000486977,0,2.37E-07,0.0962088,0.009256133,-2.341234449
8/29/2017,2446.3,11.7,2.459588842,2.426571073,0.000842443,0.000842443,0,7.10E-07,0.095717943,0.009161925,-2.346349506
8/30/2017,2457.59,11.22,2.4176979,2.459588842,0.004604516,0.004604516,0,2.12E-05,0.097443723,0.009495279,-2.328480268
8/31/2017,2471.65,10.59,2.35991016,2.4176979,0.005704749,0.005704749,0,3.25E-05,0.09953386,0.009906989,-2.307257391
9/1/2017,2476.55,10.13,2.315501318,2.35991016,0.001980519,0.001980519,0,3.92E-06,0.09955799,0.009911793,-2.307014991
9/5/2017,2457.85,12.23,2.50389195,2.315501318,-0.007579479,0,-0.007579479,5.74E-05,0.102859071,0.010579989,-2.27439547
9/6/2017,2465.54,11.63,2.453587967,2.50389195,0.003123866,0.003123866,0,9.76E-06,0.103344969,0.010680183,-2.269682673
9/7/2017,2465.1,11.55,2.446685437,2.453587967,-0.000178476,0,-0.000178476,3.19E-08,0.103342927,0.010679761,-2.269702433
9/8/2017,2461.43,12.12,2.494856981,2.446685437,-0.001489893,0,-0.001489893,2.22E-06,0.088536813,0.007838767,-2.424336847
9/11/2017,2488.11,10.73,2.373043557,2.494856981,0.010780904,0.010780904,0,0.000116228,0.095808832,0.009179332,-2.345400406
9/12/2017,2496.48,10.58,2.358965426,2.373043557,0.003358354,0.003358354,0,1.13E-05,0.090233957,0.008142167,-2.405349459
9/13/2017,2498.37,10.5,2.351375257,2.358965426,0.00075678,0.00075678,0,5.73E-07,0.09013794,0.008124848,-2.406414115
9/14/2017,2495.62,10.44,2.345644582,2.351375257,-0.001101324,0,-0.001101324,1.21E-06,0.090307765,0.008155492,-2.404531831
9/15/2017,2500.23,10.17,2.31944221,2.345644582,0.001845532,0.001845532,0,3.41E-06,0.067334216,0.004533897,-2.698086761
9/18/2017,2503.87,10.15,2.317473705,2.31944221,0.001454807,0.001454807,0,2.12E-06,0.066224185,0.004385643,-2.71470955
9/19/2017,2506.65,10.18,2.320425011,2.317473705,0.001109665,0.001109665,0,1.23E-06,0.066228916,0.004386269,-2.714638114
9/20/2017,2508.24,9.78,2.280339484,2.320425011,0.000634112,0.000634112,0,4.02E-07,0.058536946,0.003426574,-2.838097169
9/21/2017,2500.6,9.67,2.269028309,2.280339484,-0.003050609,0,-0.003050609,9.31E-06,0.058128841,0.003378962,-2.845093336
9/22/2017,2502.22,9.59,2.260720889,2.269028309,0.000647635,0.000647635,0,4.19E-07,0.056918771,0.003239746,-2.866130098
9/25/2017,2496.66,10.21,2.323367632,2.260720889,-0.002224499,0,-0.002224499,4.95E-06,0.058228457,0.003390553,-2.843381092
9/26/2017,2496.84,10.17,2.31944221,2.323367632,7.21E-05,7.21E-05,0,5.20E-09,0.058303577,0.003399307,-2.842091832
9/27/2017,2507.04,9.87,2.289499853,2.31944221,0.004076842,0.004076842,0,1.66E-05,0.059262643,0.003512061,-2.825776138
9/28/2017,2510.06,9.55,2.256541154,2.289499853,0.001203883,0.001203883,0,1.45E-06,0.0579054,0.003353035,-2.848944635
9/29/2017,2519.36,9.51,2.252343877,2.256541154,0.003698244,0.003698244,0,1.37E-05,0.056181382,0.003156348,-2.879169858
10/2/2017,2529.12,9.45,2.246014742,2.252343877,0.003866515,0.003866515,0,1.49E-05,0.057030023,0.003252423,-2.864177431
10/3/2017,2534.58,9.51,2.252343877,2.246014742,0.002156527,0.002156527,0,4.65E-06,0.047096271,0.002218059,-3.055561453
10/4/2017,2537.74,9.63,2.264883226,2.252343877,0.001245978,0.001245978,0,1.55E-06,0.046727372,0.002183447,-3.063425162
10/5/2017,2552.07,9.19,2.218115936,2.264883226,0.005630873,0.005630873,0,3.17E-05,0.048567321,0.002358785,-3.024804382
10/6/2017,2549.33,9.65,2.266957915,2.218115936,-0.001074215,0,-0.001074215,1.15E-06,0.048222589,0.002325418,-3.031927716
10/9/2017,2544.73,10.33,2.335052283,2.266957915,-0.001806026,0,-0.001806026,3.26E-06,0.036163997,0.001307835,-3.319691213
10/10/2017,2550.64,10.08,2.310553263,2.335052283,0.002319754,0.002319754,0,5.38E-06,0.035495047,0.001259898,-3.338362113
10/11/2017,2555.24,9.85,2.287471455,2.310553263,0.001801845,0.001801845,0,3.25E-06,0.03556529,0.00126489,-3.336385117
10/12/2017,2550.93,9.91,2.293544348,2.287471455,-0.001688154,0,-0.001688154,2.85E-06,0.036109428,0.001303891,-3.321201284
10/13/2017,2553.17,9.61,2.262804223,2.293544348,0.000877726,0.000877726,0,7.70E-07,0.036006268,0.001296451,-3.324062245
10/16/2017,2557.64,9.91,2.293544348,2.262804223,0.001749234,0.001749234,0,3.06E-06,0.036065545,0.001300724,-3.322417302
10/17/2017,2559.36,10.31,2.333114298,2.293544348,0.000672269,0.000672269,0,4.52E-07,0.036091348,0.001302585,-3.32170211
10/18/2017,2561.26,10.07,2.309560707,2.333114298,0.000742098,0.000742098,0,5.51E-07,0.036077253,0.001301568,-3.322092723
10/19/2017,2562.1,10.05,2.307572635,2.309560707,0.00032791,0.00032791,0,1.08E-07,0.032836896,0.001078262,-3.416202518
10/20/2017,2575.21,9.97,2.299580584,2.307572635,0.005103849,0.005103849,0,2.60E-05,0.035516539,0.001261425,-3.337756804
10/23/2017,2564.98,11.07,2.404238747,2.299580584,-0.003980403,0,-0.003980403,1.58E-05,0.038351618,0.001470847,-3.260958562
10/24/2017,2569.13,11.16,2.412335957,2.404238747,0.001616639,0.001616639,0,2.61E-06,0.038059883,0.001448555,-3.268594491
10/25/2017,2557.15,11.23,2.418588769,2.412335957,-0.004673963,0,-0.004673963,2.18E-05,0.042406803,0.001798337,-3.160446482
10/26/2017,2560.4,11.3,2.424802726,2.418588769,0.001270139,0.001270139,0,1.61E-06,0.042411897,0.001798769,-3.160326366
10/27/2017,2581.07,9.8,2.282382386,2.424802726,0.008040545,0.008040545,0,6.47E-05,0.048455873,0.002347972,-3.02710173
10/30/2017,2572.83,10.5,2.351375257,2.282382386,-0.003197581,0,-0.003197581,1.02E-05,0.049788878,0.002478932,-2.999963653
10/31/2017,2575.26,10.18,2.320425011,2.351375257,0.00094404,0.00094404,0,8.91E-07,0.04955453,0.002455651,-3.0046816
11/1/2017,2579.36,10.2,2.32238772,2.320425011,0.001590806,0.001590806,0,2.53E-06,0.049611133,0.002461264,-3.003540015
11/2/2017,2579.85,9.93,2.295560478,2.32238772,0.000189952,0.000189952,0,3.61E-08,0.046249015,0.002138971,-3.073715113
11/3/2017,2587.84,9.14,2.212660385,2.295560478,0.003092293,0.003092293,0,9.56E-06,0.046681389,0.002179152,-3.064409716
11/6/2017,2591.13,9.4,2.240709689,2.212660385,0.001270523,0.001270523,0,1.61E-06,0.04571483,0.002089846,-3.085332526
11/7/2017,2590.64,9.89,2.291524146,2.240709689,-0.000189125,0,-0.000189125,3.58E-08,0.04555108,0.002074901,-3.088920945
11/8/2017,2594.38,9.78,2.280339484,2.291524146,0.001442618,0.001442618,0,2.08E-06,0.045461753,0.002066771,-3.0908839
11/9/2017,2584.62,10.5,2.351375257,2.280339484,-0.003769072,0,-0.003769072,1.42E-05,0.047502331,0.002256471,-3.046976495
11/10/2017,2582.3,11.29,2.423917378,2.351375257,-0.000898021,0,-0.000898021,8.06E-07,0.04780962,0.00228576,-3.040528405
11/13/2017,2584.84,11.5,2.442347035,2.423917378,0.000983136,0.000983136,0,9.67E-07,0.047635434,0.002269135,-3.044178383
11/14/2017,2578.87,11.59,2.450142657,2.442347035,-0.002312292,0,-0.002312292,5.35E-06,0.048682877,0.002370022,-3.022427912
11/15/2017,2564.62,13.13,2.574899688,2.450142657,-0.005540999,0,-0.005540999,3.07E-05,0.052981482,0.002807037,-2.937812823
11/16/2017,2585.64,11.76,2.464703942,2.574899688,0.00816274,0.00816274,0,6.66E-05,0.060291036,0.003635009,-2.808571843
11/17/2017,2578.85,11.43,2.436241478,2.464703942,-0.002629496,0,-0.002629496,6.91E-06,0.058611992,0.003435366,-2.836815962
11/20/2017,2582.14,10.65,2.365559892,2.436241478,0.001274949,0.001274949,0,1.63E-06,0.05673295,0.003218628,-2.869400108
11/21/2017,2599.03,9.73,2.275213896,2.365559892,0.006519786,0.006519786,0,4.25E-05,0.060732566,0.003688445,-2.801275217
11/22/2017,2597.08,9.88,2.290512512,2.275213896,-0.000750562,0,-0.000750562,5.63E-07,0.057755958,0.003335751,-2.851528766
11/24/2017,2602.42,9.67,2.269028309,2.290512512,0.002054044,0.002054044,0,4.22E-06,0.057911962,0.003353795,-2.848831318
11/27/2017,2601.42,9.87,2.289499853,2.269028309,-0.000384332,0,-0.000384332,1.48E-07,0.051313846,0.002633111,-2.969794661
11/28/2017,2627.04,10.03,2.305580602,2.289499853,0.009800287,0.009800287,0,9.60E-05,0.05936283,0.003523946,-2.824087006
11/29/2017,2626.07,10.7,2.370243741,2.305580602,-0.000369305,0,-0.000369305,1.36E-07,0.059574419,0.003549111,-2.820529008
11/30/2017,2647.58,11.28,2.423031246,2.370243741,0.008157583,0.008157583,0,6.65E-05,0.064802732,0.004199394,-2.736407516
12/1/2017,2642.22,11.43,2.436241478,2.423031246,-0.002026542,0,-0.002026542,4.11E-06,0.065778944,0.004326869,-2.721455492
12/4/2017,2639.44,11.68,2.457877977,2.436241478,-0.001052699,0,-0.001052699,1.11E-06,0.065838247,0.004334675,-2.720554348
12/5/2017,2629.57,11.33,2.427454075,2.457877977,-0.003746439,0,-0.003746439,1.40E-05,0.067927207,0.004614105,-2.689318632
12/6/2017,2629.27,11.02,2.399711804,2.427454075,-0.000114094,0,-0.000114094,1.30E-08,0.06791417,0.004612334,-2.689510577
12/7/2017,2636.98,10.16,2.318458442,2.399711804,0.002928082,0.002928082,0,8.57E-06,0.068321453,0.004667821,-2.683531462
12/8/2017,2651.5,9.58,2.259677592,2.318458442,0.005491195,0.005491195,0,3.02E-05,0.067988461,0.004622431,-2.688417279
12/11/2017,2659.99,9.34,2.234306252,2.259677592,0.003196846,0.003196846,0,1.02E-05,0.067804234,0.004597414,-2.691130638
12/12/2017,2664.11,9.92,2.294552921,2.234306252,0.00154768,0.00154768,0,2.40E-06,0.067778741,0.004593958,-2.691506688
12/13/2017,2662.85,10.18,2.320425011,2.294552921,-0.000473065,0,-0.000473065,2.24E-07,0.066708944,0.004450083,-2.707416242
12/14/2017,2652.01,10.49,2.350422422,2.320425011,-0.004079135,0,-0.004079135,1.66E-05,0.064807474,0.004200009,-2.736334343
12/15/2017,2675.81,9.42,2.242835089,2.350422422,0.008934295,0.008934295,0,7.98E-05,0.065880825,0.004340283,-2.719907851
12/18/2017,2690.16,9.53,2.254444718,2.242835089,0.005348533,0.005348533,0,2.86E-05,0.064985118,0.004223066,-2.733596989
12/19/2017,2681.47,10.03,2.305580602,2.254444718,-0.00323552,0,-0.00323552,1.05E-05,0.067673158,0.004579656,-2.693065662
12/20/2017,2679.25,9.72,2.274185618,2.305580602,-0.000828247,0,-0.000828247,6.86E-07,0.06600784,0.004357035,-2.717981756
12/21/2017,2684.57,9.62,2.263844265,2.274185618,0.001983662,0.001983662,0,3.93E-06,0.065471796,0.004286556,-2.726135824
12/22/2017,2683.34,9.9,2.292534757,2.263844265,-0.000458279,0,-0.000458279,2.10E-07,0.065875643,0.0043396,-2.719986511
12/26/2017,2680.5,10.25,2.327277706,2.292534757,-0.001058943,0,-0.001058943,1.12E-06,0.066178621,0.00437961,-2.715397814
12/27/2017,2682.62,10.47,2.348514025,2.327277706,0.000790585,0.000790585,0,6.25E-07,0.058464044,0.003418044,-2.839343346
12/28/2017,2687.54,10.18,2.320425011,2.348514025,0.001832348,0.001832348,0,3.36E-06,0.058278783,0.003396417,-2.84251718
12/29/2017,2673.61,11.04,2.401525041,2.320425011,-0.005196658,0,-0.005196658,2.70E-05,0.056245272,0.003163531,-2.878033295
